ID_UBIGEO;DEPARTAMENTO;PROVINCIA;DISTRITO
010101;Amazonas;Chachapoyas;Chachapoyas
010102;Amazonas;Chachapoyas;Asuncion
010103;Amazonas;Chachapoyas;Balsas
010104;Amazonas;Chachapoyas;Cheto
010105;Amazonas;Chachapoyas;Chiliquin
010106;Amazonas;Chachapoyas;Chuquibamba
010107;Amazonas;Chachapoyas;Granada
010108;Amazonas;Chachapoyas;Huancas
010109;Amazonas;Chachapoyas;La Jalca
010110;Amazonas;Chachapoyas;Leimebamba
010111;Amazonas;Chachapoyas;Levanto
010112;Amazonas;Chachapoyas;Magdalena
010113;Amazonas;Chachapoyas;Mariscal Castilla
010114;Amazonas;Chachapoyas;Molinopampa
010115;Amazonas;Chachapoyas;Montevideo
010116;Amazonas;Chachapoyas;Olleros
010117;Amazonas;Chachapoyas;Quinjalca
010118;Amazonas;Chachapoyas;San Francisco de Daguas
010119;Amazonas;Chachapoyas;San Isidro de Maino
010120;Amazonas;Chachapoyas;Soloco
010121;Amazonas;Chachapoyas;Sonche
010201;Amazonas;Bagua;Bagua
010202;Amazonas;Bagua;Aramango
010203;Amazonas;Bagua;Copallin
010204;Amazonas;Bagua;El Parco
010205;Amazonas;Bagua;Imaza
010206;Amazonas;Bagua;La Peca
010301;Amazonas;Bongara;Jumbilla
010302;Amazonas;Bongara;Chisquilla
010303;Amazonas;Bongara;Churuja
010304;Amazonas;Bongara;Corosha
010305;Amazonas;Bongara;Cuispes
010306;Amazonas;Bongara;Florida
010307;Amazonas;Bongara;Jazan
010308;Amazonas;Bongara;Recta
010309;Amazonas;Bongara;San Carlos
010310;Amazonas;Bongara;Shipasbamba
010311;Amazonas;Bongara;Valera
010312;Amazonas;Bongara;Yambrasbamba
010401;Amazonas;Condorcanqui;Nieva
010402;Amazonas;Condorcanqui;El Cenepa
010403;Amazonas;Condorcanqui;Rio Santiago
010501;Amazonas;Luya;Lamud
010502;Amazonas;Luya;Camporredondo
010503;Amazonas;Luya;Cocabamba
010504;Amazonas;Luya;Colcamar
010505;Amazonas;Luya;Conila
010506;Amazonas;Luya;Inguilpata
010507;Amazonas;Luya;Longuita
010508;Amazonas;Luya;Lonya Chico
010509;Amazonas;Luya;Luya
010510;Amazonas;Luya;Luya Viejo
010511;Amazonas;Luya;Maria
010512;Amazonas;Luya;Ocalli
010513;Amazonas;Luya;Ocumal
010514;Amazonas;Luya;Pisuquia
010515;Amazonas;Luya;Providencia
010516;Amazonas;Luya;San Cristobal
010517;Amazonas;Luya;San Francisco del Yeso
010518;Amazonas;Luya;San Jeronimo
010519;Amazonas;Luya;San Juan de Lopecancha
010520;Amazonas;Luya;Santa Catalina
010521;Amazonas;Luya;Santo Tomas
010522;Amazonas;Luya;Tingo
010523;Amazonas;Luya;Trita
010601;Amazonas;Rodriguez de Mendoza;San Nicolas
010602;Amazonas;Rodriguez de Mendoza;Chirimoto
010603;Amazonas;Rodriguez de Mendoza;Cochamal
010604;Amazonas;Rodriguez de Mendoza;Huambo
010605;Amazonas;Rodriguez de Mendoza;Limabamba
010606;Amazonas;Rodriguez de Mendoza;Longar
010607;Amazonas;Rodriguez de Mendoza;Mariscal Benavides
010608;Amazonas;Rodriguez de Mendoza;Milpuc
010609;Amazonas;Rodriguez de Mendoza;Omia
010610;Amazonas;Rodriguez de Mendoza;Santa Rosa
010611;Amazonas;Rodriguez de Mendoza;Totora
010612;Amazonas;Rodriguez de Mendoza;Vista Alegre
010701;Amazonas;Utcubamba;Bagua Grande
010702;Amazonas;Utcubamba;Cajaruro
010703;Amazonas;Utcubamba;Cumba
010704;Amazonas;Utcubamba;El Milagro
010705;Amazonas;Utcubamba;Jamalca
010706;Amazonas;Utcubamba;Lonya Grande
010707;Amazonas;Utcubamba;Yamon
020101;Ancash;Huaraz;Huaraz
020102;Ancash;Huaraz;Cochabamba
020103;Ancash;Huaraz;Colcabamba
020104;Ancash;Huaraz;Huanchay
020105;Ancash;Huaraz;Independencia
020106;Ancash;Huaraz;Jangas
020107;Ancash;Huaraz;La Libertad
020108;Ancash;Huaraz;Olleros
020109;Ancash;Huaraz;Pampas
020110;Ancash;Huaraz;Pariacoto
020111;Ancash;Huaraz;Pira
020112;Ancash;Huaraz;Tarica
020201;Ancash;Aija;Aija
020202;Ancash;Aija;Coris
020203;Ancash;Aija;Huacllan
020204;Ancash;Aija;La Merced
020205;Ancash;Aija;Succha
020301;Ancash;Antonio Raymondi;Llamellin
020302;Ancash;Antonio Raymondi;Aczo
020303;Ancash;Antonio Raymondi;Chaccho
020304;Ancash;Antonio Raymondi;Chingas
020305;Ancash;Antonio Raymondi;Mirgas
020306;Ancash;Antonio Raymondi;San Juan de Rontoy
020401;Ancash;Asuncion;Chacas
020402;Ancash;Asuncion;Acochaca
020501;Ancash;Bolognesi;Chiquian
020502;Ancash;Bolognesi;Abelardo Pardo Lezameta
020503;Ancash;Bolognesi;Antonio Raymondi
020504;Ancash;Bolognesi;Aquia
020505;Ancash;Bolognesi;Cajacay
020506;Ancash;Bolognesi;Canis
020507;Ancash;Bolognesi;Colquioc
020508;Ancash;Bolognesi;Huallanca
020509;Ancash;Bolognesi;Huasta
020510;Ancash;Bolognesi;Huayllacayan
020511;Ancash;Bolognesi;La Primavera
020512;Ancash;Bolognesi;Mangas
020513;Ancash;Bolognesi;Pacllon
020514;Ancash;Bolognesi;San Miguel de Corpanqui
020515;Ancash;Bolognesi;Ticllos
020601;Ancash;Carhuaz;Carhuaz
020602;Ancash;Carhuaz;Acopampa
020603;Ancash;Carhuaz;Amashca
020604;Ancash;Carhuaz;Anta
020605;Ancash;Carhuaz;Ataquero
020606;Ancash;Carhuaz;Marcara
020607;Ancash;Carhuaz;Pariahuanca
020608;Ancash;Carhuaz;San Miguel de Aco
020609;Ancash;Carhuaz;Shilla
020610;Ancash;Carhuaz;Tinco
020611;Ancash;Carhuaz;Yungar
020701;Ancash;Carlos Fermin Fitzca;San Luis
020702;Ancash;Carlos Fermin Fitzca;San Nicolas
020703;Ancash;Carlos Fermin Fitzca;Yauya
020801;Ancash;Casma;Casma
020802;Ancash;Casma;Buena Vista Alta
020803;Ancash;Casma;Comandante Noel
020804;Ancash;Casma;Yautan
020901;Ancash;Corongo;Corongo
020902;Ancash;Corongo;Aco
020903;Ancash;Corongo;Bambas
020904;Ancash;Corongo;Cusca
020905;Ancash;Corongo;La Pampa
020906;Ancash;Corongo;Yanac
020907;Ancash;Corongo;Yupan
021001;Ancash;Huari;Huari
021002;Ancash;Huari;Anra
021003;Ancash;Huari;Cajay
021004;Ancash;Huari;Chavin de Huantar
021005;Ancash;Huari;Huacachi
021006;Ancash;Huari;Huacchis
021007;Ancash;Huari;Huachis
021008;Ancash;Huari;Huantar
021009;Ancash;Huari;Masin
021010;Ancash;Huari;Paucas
021011;Ancash;Huari;Ponto
021012;Ancash;Huari;Rahuapampa
021013;Ancash;Huari;Rapayan
021014;Ancash;Huari;San Marcos
021015;Ancash;Huari;San Pedro de Chana
021016;Ancash;Huari;Uco
021101;Ancash;Huarmey;Huarmey
021102;Ancash;Huarmey;Cochapeti
021103;Ancash;Huarmey;Culebras
021104;Ancash;Huarmey;Huayan
021105;Ancash;Huarmey;Malvas
021201;Ancash;Huaylas;Caraz
021202;Ancash;Huaylas;Huallanca
021203;Ancash;Huaylas;Huata
021204;Ancash;Huaylas;Huaylas
021205;Ancash;Huaylas;Mato
021206;Ancash;Huaylas;Pamparomas
021207;Ancash;Huaylas;Pueblo Libre
021208;Ancash;Huaylas;Santa Cruz
021209;Ancash;Huaylas;Santo Toribio
021210;Ancash;Huaylas;Yuracmarca
021301;Ancash;Mariscal Luzuriaga;Piscobamba
021302;Ancash;Mariscal Luzuriaga;Casca
021303;Ancash;Mariscal Luzuriaga;Eleazar Guzman Barron
021304;Ancash;Mariscal Luzuriaga;Fidel Olivas Escudero
021305;Ancash;Mariscal Luzuriaga;Llama
021306;Ancash;Mariscal Luzuriaga;Llumpa
021307;Ancash;Mariscal Luzuriaga;Lucma
021308;Ancash;Mariscal Luzuriaga;Musga
021401;Ancash;Ocros;Ocros
021402;Ancash;Ocros;Acas
021403;Ancash;Ocros;Cajamarquilla
021404;Ancash;Ocros;Carhuapampa
021405;Ancash;Ocros;Cochas
021406;Ancash;Ocros;Congas
021407;Ancash;Ocros;Llipa
021408;Ancash;Ocros;San Cristobal de Rajan
021409;Ancash;Ocros;San Pedro
021410;Ancash;Ocros;Santiago de Chilcas
021501;Ancash;Pallasca;Cabana
021502;Ancash;Pallasca;Bolognesi
021503;Ancash;Pallasca;Conchucos
021504;Ancash;Pallasca;Huacaschuque
021505;Ancash;Pallasca;Huandoval
021506;Ancash;Pallasca;Lacabamba
021507;Ancash;Pallasca;Llapo
021508;Ancash;Pallasca;Pallasca
021509;Ancash;Pallasca;Pampas
021510;Ancash;Pallasca;Santa Rosa
021511;Ancash;Pallasca;Tauca
021601;Ancash;Pomabamba;Pomabamba
021602;Ancash;Pomabamba;Huayllan
021603;Ancash;Pomabamba;Parobamba
021604;Ancash;Pomabamba;Quinuabamba
021701;Ancash;Recuay;Recuay
021702;Ancash;Recuay;Catac
021703;Ancash;Recuay;Cotaparaco
021704;Ancash;Recuay;Huayllapampa
021705;Ancash;Recuay;Llacllin
021706;Ancash;Recuay;Marca
021707;Ancash;Recuay;Pampas Chico
021708;Ancash;Recuay;Pararin
021709;Ancash;Recuay;Tapacocha
021710;Ancash;Recuay;Ticapampa
021801;Ancash;Santa;Chimbote
021802;Ancash;Santa;Caceres del Peru
021803;Ancash;Santa;Coishco
021804;Ancash;Santa;Macate
021805;Ancash;Santa;Moro
021806;Ancash;Santa;Nepeña
021807;Ancash;Santa;Samanco
021808;Ancash;Santa;Santa
021809;Ancash;Santa;Nuevo Chimbote
021901;Ancash;Sihuas;Sihuas
021902;Ancash;Sihuas;Acobamba
021903;Ancash;Sihuas;Alfonso Ugarte
021904;Ancash;Sihuas;Cashapampa
021905;Ancash;Sihuas;Chingalpo
021906;Ancash;Sihuas;Huayllabamba
021907;Ancash;Sihuas;Quiches
021908;Ancash;Sihuas;Ragash
021909;Ancash;Sihuas;San Juan
021910;Ancash;Sihuas;Sicsibamba
022001;Ancash;Yungay;Yungay
022002;Ancash;Yungay;Cascapara
022003;Ancash;Yungay;Mancos
022004;Ancash;Yungay;Matacoto
022005;Ancash;Yungay;Quillo
022006;Ancash;Yungay;Ranrahirca
022007;Ancash;Yungay;Shupluy
022008;Ancash;Yungay;Yanama
030101;Apurimac;Abancay;Abancay
030102;Apurimac;Abancay;Chacoche
030103;Apurimac;Abancay;Circa
030104;Apurimac;Abancay;Curahuasi
030105;Apurimac;Abancay;Huanipaca
030106;Apurimac;Abancay;Lambrama
030107;Apurimac;Abancay;Pichirhua
030108;Apurimac;Abancay;San Pedro de Cachora
030109;Apurimac;Abancay;Tamburco
030201;Apurimac;Andahuaylas;Andahuaylas
030202;Apurimac;Andahuaylas;Andarapa
030203;Apurimac;Andahuaylas;Chiara
030204;Apurimac;Andahuaylas;Huancarama
030205;Apurimac;Andahuaylas;Huancaray
030206;Apurimac;Andahuaylas;Huayana
030207;Apurimac;Andahuaylas;Kishuara
030208;Apurimac;Andahuaylas;Pacobamba
030209;Apurimac;Andahuaylas;Pacucha
030210;Apurimac;Andahuaylas;Pampachiri
030211;Apurimac;Andahuaylas;Pomacocha
030212;Apurimac;Andahuaylas;San Antonio de Cachi
030213;Apurimac;Andahuaylas;San Jeronimo
030214;Apurimac;Andahuaylas;San Miguel de Chaccrampa
030215;Apurimac;Andahuaylas;Santa Maria de Chicmo
030216;Apurimac;Andahuaylas;Talavera
030217;Apurimac;Andahuaylas;Tumay Huaraca
030218;Apurimac;Andahuaylas;Turpo
030219;Apurimac;Andahuaylas;Kaquiabamba
030220;Apurimac;Andahuaylas;José María Arguedas
030301;Apurimac;Antabamba;Antabamba
030302;Apurimac;Antabamba;El Oro
030303;Apurimac;Antabamba;Huaquirca
030304;Apurimac;Antabamba;Juan Espinoza Medrano
030305;Apurimac;Antabamba;Oropesa
030306;Apurimac;Antabamba;Pachaconas
030307;Apurimac;Antabamba;Sabaino
030401;Apurimac;Aymaraes;Chalhuanca
030402;Apurimac;Aymaraes;Capaya
030403;Apurimac;Aymaraes;Caraybamba
030404;Apurimac;Aymaraes;Chapimarca
030405;Apurimac;Aymaraes;Colcabamba
030406;Apurimac;Aymaraes;Cotaruse
030407;Apurimac;Aymaraes;Huayllo
030408;Apurimac;Aymaraes;Justo Apu Sahuaraura
030409;Apurimac;Aymaraes;Lucre
030410;Apurimac;Aymaraes;Pocohuanca
030411;Apurimac;Aymaraes;San Juan de Chacña
030412;Apurimac;Aymaraes;Sañayca
030413;Apurimac;Aymaraes;Soraya
030414;Apurimac;Aymaraes;Tapairihua
030415;Apurimac;Aymaraes;Tintay
030416;Apurimac;Aymaraes;Toraya
030417;Apurimac;Aymaraes;Yanaca
030501;Apurimac;Cotabambas;Tambobamba
030502;Apurimac;Cotabambas;Cotabambas
030503;Apurimac;Cotabambas;Coyllurqui
030504;Apurimac;Cotabambas;Haquira
030505;Apurimac;Cotabambas;Mara
030506;Apurimac;Cotabambas;Challhuahuacho
030601;Apurimac;Chincheros;Chincheros
030602;Apurimac;Chincheros;Anco_Huallo
030603;Apurimac;Chincheros;Cocharcas
030604;Apurimac;Chincheros;Huaccana
030605;Apurimac;Chincheros;Ocobamba
030606;Apurimac;Chincheros;Ongoy
030607;Apurimac;Chincheros;Uranmarca
030608;Apurimac;Chincheros;Ranracancha
030609;Apurimac;Chincheros;Rocchacc
030610;Apurimac;Chincheros;El Porvenir
030611;Apurimac;Chincheros;Los Chankas
030701;Apurimac;Grau;Chuquibambilla
030702;Apurimac;Grau;Curpahuasi
030703;Apurimac;Grau;Gamarra
030704;Apurimac;Grau;Huayllati
030705;Apurimac;Grau;Mamara
030706;Apurimac;Grau;Micaela Bastidas
030707;Apurimac;Grau;Pataypampa
030708;Apurimac;Grau;Progreso
030709;Apurimac;Grau;San Antonio
030710;Apurimac;Grau;Santa Rosa
030711;Apurimac;Grau;Turpay
030712;Apurimac;Grau;Vilcabamba
030713;Apurimac;Grau;Virundo
030714;Apurimac;Grau;Curasco
040101;Arequipa;Arequipa;Arequipa
040102;Arequipa;Arequipa;Alto Selva Alegre
040103;Arequipa;Arequipa;Cayma
040104;Arequipa;Arequipa;Cerro Colorado
040105;Arequipa;Arequipa;Characato
040106;Arequipa;Arequipa;Chiguata
040107;Arequipa;Arequipa;Jacobo Hunter
040108;Arequipa;Arequipa;La Joya
040109;Arequipa;Arequipa;Mariano Melgar
040110;Arequipa;Arequipa;Miraflores
040111;Arequipa;Arequipa;Mollebaya
040112;Arequipa;Arequipa;Paucarpata
040113;Arequipa;Arequipa;Pocsi
040114;Arequipa;Arequipa;Polobaya
040115;Arequipa;Arequipa;Quequeña
040116;Arequipa;Arequipa;Sabandia
040117;Arequipa;Arequipa;Sachaca
040118;Arequipa;Arequipa;San Juan de Siguas
040119;Arequipa;Arequipa;San Juan de Tarucani
040120;Arequipa;Arequipa;Santa Isabel de Siguas
040121;Arequipa;Arequipa;Santa Rita de Siguas
040122;Arequipa;Arequipa;Socabaya
040123;Arequipa;Arequipa;Tiabaya
040124;Arequipa;Arequipa;Uchumayo
040125;Arequipa;Arequipa;Vitor
040126;Arequipa;Arequipa;Yanahuara
040127;Arequipa;Arequipa;Yarabamba
040128;Arequipa;Arequipa;Yura
040129;Arequipa;Arequipa;Jose Luis Bustamante y Rivero
040201;Arequipa;Camana;Camana
040202;Arequipa;Camana;Jose Maria Quimper
040203;Arequipa;Camana;Mariano Nicolas Valcarcel
040204;Arequipa;Camana;Mariscal Caceres
040205;Arequipa;Camana;Nicolas de Pierola
040206;Arequipa;Camana;Ocoña
040207;Arequipa;Camana;Quilca
040208;Arequipa;Camana;Samuel Pastor
040301;Arequipa;Caraveli;Caraveli
040302;Arequipa;Caraveli;Acari
040303;Arequipa;Caraveli;Atico
040304;Arequipa;Caraveli;Atiquipa
040305;Arequipa;Caraveli;Bella Union
040306;Arequipa;Caraveli;Cahuacho
040307;Arequipa;Caraveli;Chala
040308;Arequipa;Caraveli;Chaparra
040309;Arequipa;Caraveli;Huanuhuanu
040310;Arequipa;Caraveli;Jaqui
040311;Arequipa;Caraveli;Lomas
040312;Arequipa;Caraveli;Quicacha
040313;Arequipa;Caraveli;Yauca
040401;Arequipa;Castilla;Aplao
040402;Arequipa;Castilla;Andagua
040403;Arequipa;Castilla;Ayo
040404;Arequipa;Castilla;Chachas
040405;Arequipa;Castilla;Chilcaymarca
040406;Arequipa;Castilla;Choco
040407;Arequipa;Castilla;Huancarqui
040408;Arequipa;Castilla;Machaguay
040409;Arequipa;Castilla;Orcopampa
040410;Arequipa;Castilla;Pampacolca
040411;Arequipa;Castilla;Tipan
040412;Arequipa;Castilla;Uñon
040413;Arequipa;Castilla;Uraca
040414;Arequipa;Castilla;Viraco
040501;Arequipa;Caylloma;Chivay
040502;Arequipa;Caylloma;Achoma
040503;Arequipa;Caylloma;Cabanaconde
040504;Arequipa;Caylloma;Callalli
040505;Arequipa;Caylloma;Caylloma
040506;Arequipa;Caylloma;Coporaque
040507;Arequipa;Caylloma;Huambo
040508;Arequipa;Caylloma;Huanca
040509;Arequipa;Caylloma;Ichupampa
040510;Arequipa;Caylloma;Lari
040511;Arequipa;Caylloma;Lluta
040512;Arequipa;Caylloma;Maca
040513;Arequipa;Caylloma;Madrigal
040514;Arequipa;Caylloma;San Antonio de Chuca
040515;Arequipa;Caylloma;Sibayo
040516;Arequipa;Caylloma;Tapay
040517;Arequipa;Caylloma;Tisco
040518;Arequipa;Caylloma;Tuti
040519;Arequipa;Caylloma;Yanque
040520;Arequipa;Caylloma;Majes
040601;Arequipa;Condesuyos;Chuquibamba
040602;Arequipa;Condesuyos;Andaray
040603;Arequipa;Condesuyos;Cayarani
040604;Arequipa;Condesuyos;Chichas
040605;Arequipa;Condesuyos;Iray
040606;Arequipa;Condesuyos;Rio Grande
040607;Arequipa;Condesuyos;Salamanca
040608;Arequipa;Condesuyos;Yanaquihua
040701;Arequipa;Islay;Mollendo
040702;Arequipa;Islay;Cocachacra
040703;Arequipa;Islay;Dean Valdivia
040704;Arequipa;Islay;Islay
040705;Arequipa;Islay;Mejia
040706;Arequipa;Islay;Punta de Bombon
040801;Arequipa;La Union;Cotahuasi
040802;Arequipa;La Union;Alca
040803;Arequipa;La Union;Charcana
040804;Arequipa;La Union;Huaynacotas
040805;Arequipa;La Union;Pampamarca
040806;Arequipa;La Union;Puyca
040807;Arequipa;La Union;Quechualla
040808;Arequipa;La Union;Sayla
040809;Arequipa;La Union;Tauria
040810;Arequipa;La Union;Tomepampa
040811;Arequipa;La Union;Toro
050101;Ayacucho;Huamanga;Ayacucho
050102;Ayacucho;Huamanga;Acocro
050103;Ayacucho;Huamanga;Acos Vinchos
050104;Ayacucho;Huamanga;Carmen Alto
050105;Ayacucho;Huamanga;Chiara
050106;Ayacucho;Huamanga;Ocros
050107;Ayacucho;Huamanga;Pacaycasa
050108;Ayacucho;Huamanga;Quinua
050109;Ayacucho;Huamanga;San Jose de Ticllas
050110;Ayacucho;Huamanga;San Juan Bautista
050111;Ayacucho;Huamanga;Santiago de Pischa
050112;Ayacucho;Huamanga;Socos
050113;Ayacucho;Huamanga;Tambillo
050114;Ayacucho;Huamanga;Vinchos
050115;Ayacucho;Huamanga;Jesus Nazareno
050116;Ayacucho;Huamanga;Andrés Avelino Cáceres Dorregaray
050201;Ayacucho;Cangallo;Cangallo
050202;Ayacucho;Cangallo;Chuschi
050203;Ayacucho;Cangallo;Los Morochucos
050204;Ayacucho;Cangallo;Maria Parado de Bellido
050205;Ayacucho;Cangallo;Paras
050206;Ayacucho;Cangallo;Totos
050301;Ayacucho;Huanca Sancos;Sancos
050302;Ayacucho;Huanca Sancos;Carapo
050303;Ayacucho;Huanca Sancos;Sacsamarca
050304;Ayacucho;Huanca Sancos;Santiago de Lucanamarca
050401;Ayacucho;Huanta;Huanta
050402;Ayacucho;Huanta;Ayahuanco
050403;Ayacucho;Huanta;Huamanguilla
050404;Ayacucho;Huanta;Iguain
050405;Ayacucho;Huanta;Luricocha
050406;Ayacucho;Huanta;Santillana
050407;Ayacucho;Huanta;Sivia
050408;Ayacucho;Huanta;Llochegua
050409;Ayacucho;Huanta;Canayre
050410;Ayacucho;Huanta;Uchuraccay
050411;Ayacucho;Huanta;Pucacolpa
050412;Ayacucho;Huanta;Chaca
050501;Ayacucho;La Mar;San Miguel
050502;Ayacucho;La Mar;Anco
050503;Ayacucho;La Mar;Ayna
050504;Ayacucho;La Mar;Chilcas
050505;Ayacucho;La Mar;Chungui
050506;Ayacucho;La Mar;Luis Carranza
050507;Ayacucho;La Mar;Santa Rosa
050508;Ayacucho;La Mar;Tambo
050509;Ayacucho;La Mar;Samugari
050510;Ayacucho;La Mar;Anchihuay
050511;Ayacucho;La Mar;Oronccoy
050601;Ayacucho;Lucanas;Puquio
050602;Ayacucho;Lucanas;Aucara
050603;Ayacucho;Lucanas;Cabana
050604;Ayacucho;Lucanas;Carmen Salcedo
050605;Ayacucho;Lucanas;Chaviña
050606;Ayacucho;Lucanas;Chipao
050607;Ayacucho;Lucanas;Huac-Huas
050608;Ayacucho;Lucanas;Laramate
050609;Ayacucho;Lucanas;Leoncio Prado
050610;Ayacucho;Lucanas;Llauta
050611;Ayacucho;Lucanas;Lucanas
050612;Ayacucho;Lucanas;Ocaña
050613;Ayacucho;Lucanas;Otoca
050614;Ayacucho;Lucanas;Saisa
050615;Ayacucho;Lucanas;San Cristobal
050616;Ayacucho;Lucanas;San Juan
050617;Ayacucho;Lucanas;San Pedro
050618;Ayacucho;Lucanas;San Pedro de Palco
050619;Ayacucho;Lucanas;Sancos
050620;Ayacucho;Lucanas;Santa Ana de Huaycahuacho
050621;Ayacucho;Lucanas;Santa Lucia
050701;Ayacucho;Parinacochas;Coracora
050702;Ayacucho;Parinacochas;Chumpi
050703;Ayacucho;Parinacochas;Coronel Castañeda
050704;Ayacucho;Parinacochas;Pacapausa
050705;Ayacucho;Parinacochas;Pullo
050706;Ayacucho;Parinacochas;Puyusca
050707;Ayacucho;Parinacochas;San Francisco de Ravacayco
050708;Ayacucho;Parinacochas;Upahuacho
050801;Ayacucho;Paucar del Sara Sara;Pausa
050802;Ayacucho;Paucar del Sara Sara;Colta
050803;Ayacucho;Paucar del Sara Sara;Corculla
050804;Ayacucho;Paucar del Sara Sara;Lampa
050805;Ayacucho;Paucar del Sara Sara;Marcabamba
050806;Ayacucho;Paucar del Sara Sara;Oyolo
050807;Ayacucho;Paucar del Sara Sara;Pararca
050808;Ayacucho;Paucar del Sara Sara;San Javier de Alpabamba
050809;Ayacucho;Paucar del Sara Sara;San Jose de Ushua
050810;Ayacucho;Paucar del Sara Sara;Sara Sara
050901;Ayacucho;Sucre;Querobamba
050902;Ayacucho;Sucre;Belen
050903;Ayacucho;Sucre;Chalcos
050904;Ayacucho;Sucre;Chilcayoc
050905;Ayacucho;Sucre;Huacaña
050906;Ayacucho;Sucre;Morcolla
050907;Ayacucho;Sucre;Paico
050908;Ayacucho;Sucre;San Pedro de Larcay
050909;Ayacucho;Sucre;San Salvador de Quije
050910;Ayacucho;Sucre;Santiago de Paucaray
050911;Ayacucho;Sucre;Soras
051001;Ayacucho;Victor Fajardo;Huancapi
051002;Ayacucho;Victor Fajardo;Alcamenca
051003;Ayacucho;Victor Fajardo;Apongo
051004;Ayacucho;Victor Fajardo;Asquipata
051005;Ayacucho;Victor Fajardo;Canaria
051006;Ayacucho;Victor Fajardo;Cayara
051007;Ayacucho;Victor Fajardo;Colca
051008;Ayacucho;Victor Fajardo;Huamanquiquia
051009;Ayacucho;Victor Fajardo;Huancaraylla
051010;Ayacucho;Victor Fajardo;Huaya
051011;Ayacucho;Victor Fajardo;Sarhua
051012;Ayacucho;Victor Fajardo;Vilcanchos
051101;Ayacucho;Vilcas Huaman;Vilcas Huaman
051102;Ayacucho;Vilcas Huaman;Accomarca
051103;Ayacucho;Vilcas Huaman;Carhuanca
051104;Ayacucho;Vilcas Huaman;Concepcion
051105;Ayacucho;Vilcas Huaman;Huambalpa
051106;Ayacucho;Vilcas Huaman;Independencia
051107;Ayacucho;Vilcas Huaman;Saurama
051108;Ayacucho;Vilcas Huaman;Vischongo
060101;Cajamarca;Cajamarca;Cajamarca
060102;Cajamarca;Cajamarca;Asuncion
060103;Cajamarca;Cajamarca;Chetilla
060104;Cajamarca;Cajamarca;Cospan
060105;Cajamarca;Cajamarca;Encañada
060106;Cajamarca;Cajamarca;Jesus
060107;Cajamarca;Cajamarca;Llacanora
060108;Cajamarca;Cajamarca;Los Baños del Inca
060109;Cajamarca;Cajamarca;Magdalena
060110;Cajamarca;Cajamarca;Matara
060111;Cajamarca;Cajamarca;Namora
060112;Cajamarca;Cajamarca;San Juan
060201;Cajamarca;Cajabamba;Cajabamba
060202;Cajamarca;Cajabamba;Cachachi
060203;Cajamarca;Cajabamba;Condebamba
060204;Cajamarca;Cajabamba;Sitacocha
060301;Cajamarca;Celendin;Celendin
060302;Cajamarca;Celendin;Chumuch
060303;Cajamarca;Celendin;Cortegana
060304;Cajamarca;Celendin;Huasmin
060305;Cajamarca;Celendin;Jorge Chavez
060306;Cajamarca;Celendin;Jose Galvez
060307;Cajamarca;Celendin;Miguel Iglesias
060308;Cajamarca;Celendin;Oxamarca
060309;Cajamarca;Celendin;Sorochuco
060310;Cajamarca;Celendin;Sucre
060311;Cajamarca;Celendin;Utco
060312;Cajamarca;Celendin;La Libertad de Pallan
060401;Cajamarca;Chota;Chota
060402;Cajamarca;Chota;Anguia
060403;Cajamarca;Chota;Chadin
060404;Cajamarca;Chota;Chiguirip
060405;Cajamarca;Chota;Chimban
060406;Cajamarca;Chota;Choropampa
060407;Cajamarca;Chota;Cochabamba
060408;Cajamarca;Chota;Conchan
060409;Cajamarca;Chota;Huambos
060410;Cajamarca;Chota;Lajas
060411;Cajamarca;Chota;Llama
060412;Cajamarca;Chota;Miracosta
060413;Cajamarca;Chota;Paccha
060414;Cajamarca;Chota;Pion
060415;Cajamarca;Chota;Querocoto
060416;Cajamarca;Chota;San Juan de Licupis
060417;Cajamarca;Chota;Tacabamba
060418;Cajamarca;Chota;Tocmoche
060419;Cajamarca;Chota;Chalamarca
060501;Cajamarca;Contumaza;Contumaza
060502;Cajamarca;Contumaza;Chilete
060503;Cajamarca;Contumaza;Cupisnique
060504;Cajamarca;Contumaza;Guzmango
060505;Cajamarca;Contumaza;San Benito
060506;Cajamarca;Contumaza;Santa Cruz de Toled
060507;Cajamarca;Contumaza;Tantarica
060508;Cajamarca;Contumaza;Yonan
060601;Cajamarca;Cutervo;Cutervo
060602;Cajamarca;Cutervo;Callayuc
060603;Cajamarca;Cutervo;Choros
060604;Cajamarca;Cutervo;Cujillo
060605;Cajamarca;Cutervo;La Ramada
060606;Cajamarca;Cutervo;Pimpingos
060607;Cajamarca;Cutervo;Querocotillo
060608;Cajamarca;Cutervo;San Andres de Cutervo
060609;Cajamarca;Cutervo;San Juan de Cutervo
060610;Cajamarca;Cutervo;San Luis de Lucma
060611;Cajamarca;Cutervo;Santa Cruz
060612;Cajamarca;Cutervo;Santo Domingo de La Capilla
060613;Cajamarca;Cutervo;Santo Tomas
060614;Cajamarca;Cutervo;Socota
060615;Cajamarca;Cutervo;Toribio Casanova
060701;Cajamarca;Hualgayoc;Bambamarca
060702;Cajamarca;Hualgayoc;Chugur
060703;Cajamarca;Hualgayoc;Hualgayoc
060801;Cajamarca;Jaen;Jaen
060802;Cajamarca;Jaen;Bellavista
060803;Cajamarca;Jaen;Chontali
060804;Cajamarca;Jaen;Colasay
060805;Cajamarca;Jaen;Huabal
060806;Cajamarca;Jaen;Las Pirias
060807;Cajamarca;Jaen;Pomahuaca
060808;Cajamarca;Jaen;Pucara
060809;Cajamarca;Jaen;Sallique
060810;Cajamarca;Jaen;San Felipe
060811;Cajamarca;Jaen;San Jose del Alto
060812;Cajamarca;Jaen;Santa Rosa
060901;Cajamarca;San Ignacio;San Ignacio
060902;Cajamarca;San Ignacio;Chirinos
060903;Cajamarca;San Ignacio;Huarango
060904;Cajamarca;San Ignacio;La Coipa
060905;Cajamarca;San Ignacio;Namballe
060906;Cajamarca;San Ignacio;San Jose de Lourdes
060907;Cajamarca;San Ignacio;Tabaconas
061001;Cajamarca;San Marcos;Pedro Galvez
061002;Cajamarca;San Marcos;Chancay
061003;Cajamarca;San Marcos;Eduardo Villanueva
061004;Cajamarca;San Marcos;Gregorio Pita
061005;Cajamarca;San Marcos;Ichocan
061006;Cajamarca;San Marcos;Jose Manuel Quiroz
061007;Cajamarca;San Marcos;Jose Sabogal
061101;Cajamarca;San Miguel;San Miguel
061102;Cajamarca;San Miguel;Bolivar
061103;Cajamarca;San Miguel;Calquis
061104;Cajamarca;San Miguel;Catilluc
061105;Cajamarca;San Miguel;El Prado
061106;Cajamarca;San Miguel;La Florida
061107;Cajamarca;San Miguel;Llapa
061108;Cajamarca;San Miguel;Nanchoc
061109;Cajamarca;San Miguel;Niepos
061110;Cajamarca;San Miguel;San Gregorio
061111;Cajamarca;San Miguel;San Silvestre de Cochan
061112;Cajamarca;San Miguel;Tongod
061113;Cajamarca;San Miguel;Union Agua Blanca
061201;Cajamarca;San Pablo;San Pablo
061202;Cajamarca;San Pablo;San Bernardino
061203;Cajamarca;San Pablo;San Luis
061204;Cajamarca;San Pablo;Tumbaden
061301;Cajamarca;Santa Cruz;Santa Cruz
061302;Cajamarca;Santa Cruz;Andabamba
061303;Cajamarca;Santa Cruz;Catache
061304;Cajamarca;Santa Cruz;Chancaybaños
061305;Cajamarca;Santa Cruz;La Esperanza
061306;Cajamarca;Santa Cruz;Ninabamba
061307;Cajamarca;Santa Cruz;Pulan
061308;Cajamarca;Santa Cruz;Saucepampa
061309;Cajamarca;Santa Cruz;Sexi
061310;Cajamarca;Santa Cruz;Uticyacu
061311;Cajamarca;Santa Cruz;Yauyucan
070101;Callao;Callao;Callao
070102;Callao;Callao;Bellavista
070103;Callao;Callao;Carmen de La Legua
070104;Callao;Callao;La Perla
070105;Callao;Callao;La Punta
070106;Callao;Callao;Ventanilla
070107;Callao;Callao;Mi Peru
080101;Cusco;Cusco;Cusco
080102;Cusco;Cusco;Ccorca
080103;Cusco;Cusco;Poroy
080104;Cusco;Cusco;San Jeronimo
080105;Cusco;Cusco;San Sebastian
080106;Cusco;Cusco;Santiago
080107;Cusco;Cusco;Saylla
080108;Cusco;Cusco;Wanchaq
080201;Cusco;Acomayo;Acomayo
080202;Cusco;Acomayo;Acopia
080203;Cusco;Acomayo;Acos
080204;Cusco;Acomayo;Mosoc Llacta
080205;Cusco;Acomayo;Pomacanchi
080206;Cusco;Acomayo;Rondocan
080207;Cusco;Acomayo;Sangarara
080301;Cusco;Anta;Anta
080302;Cusco;Anta;Ancahuasi
080303;Cusco;Anta;Cachimayo
080304;Cusco;Anta;Chinchaypujio
080305;Cusco;Anta;Huarocondo
080306;Cusco;Anta;Limatambo
080307;Cusco;Anta;Mollepata
080308;Cusco;Anta;Pucyura
080309;Cusco;Anta;Zurite
080401;Cusco;Calca;Calca
080402;Cusco;Calca;Coya
080403;Cusco;Calca;Lamay
080404;Cusco;Calca;Lares
080405;Cusco;Calca;Pisac
080406;Cusco;Calca;San Salvador
080407;Cusco;Calca;Taray
080408;Cusco;Calca;Yanatile
080501;Cusco;Canas;Yanaoca
080502;Cusco;Canas;Checca
080503;Cusco;Canas;Kunturkanki
080504;Cusco;Canas;Langui
080505;Cusco;Canas;Layo
080506;Cusco;Canas;Pampamarca
080507;Cusco;Canas;Quehue
080508;Cusco;Canas;Tupac Amaru
080601;Cusco;Canchis;Sicuani
080602;Cusco;Canchis;Checacupe
080603;Cusco;Canchis;Combapata
080604;Cusco;Canchis;Marangani
080605;Cusco;Canchis;Pitumarca
080606;Cusco;Canchis;San Pablo
080607;Cusco;Canchis;San Pedro
080608;Cusco;Canchis;Tinta
080701;Cusco;Chumbivilcas;Santo Tomas
080702;Cusco;Chumbivilcas;Capacmarca
080703;Cusco;Chumbivilcas;Chamaca
080704;Cusco;Chumbivilcas;Colquemarca
080705;Cusco;Chumbivilcas;Livitaca
080706;Cusco;Chumbivilcas;Llusco
080707;Cusco;Chumbivilcas;Quiñota
080708;Cusco;Chumbivilcas;Velille
080801;Cusco;Espinar;Espinar
080802;Cusco;Espinar;Condoroma
080803;Cusco;Espinar;Coporaque
080804;Cusco;Espinar;Ocoruro
080805;Cusco;Espinar;Pallpata
080806;Cusco;Espinar;Pichigua
080807;Cusco;Espinar;Suyckutambo
080808;Cusco;Espinar;Alto Pichigua
080901;Cusco;La Convencion;Santa Ana
080902;Cusco;La Convencion;Echarate
080903;Cusco;La Convencion;Huayopata
080904;Cusco;La Convencion;Maranura
080905;Cusco;La Convencion;Ocobamba
080906;Cusco;La Convencion;Quellouno
080907;Cusco;La Convencion;Kimbiri
080908;Cusco;La Convencion;Santa Teresa
080909;Cusco;La Convencion;Vilcabamba
080910;Cusco;La Convencion;Pichari
080911;Cusco;La Convencion;Inkawasi
080912;Cusco;La Convencion;Villa Virgen
080913;Cusco;La Convencion;Villa Kintiarina
080914;Cusco;La Convencion;Megantoni
081001;Cusco;Paruro;Paruro
081002;Cusco;Paruro;Accha
081003;Cusco;Paruro;Ccapi
081004;Cusco;Paruro;Colcha
081005;Cusco;Paruro;Huanoquite
081006;Cusco;Paruro;Omacha
081007;Cusco;Paruro;Paccaritambo
081008;Cusco;Paruro;Pillpinto
081009;Cusco;Paruro;Yaurisque
081101;Cusco;Paucartambo;Paucartambo
081102;Cusco;Paucartambo;Caicay
081103;Cusco;Paucartambo;Challabamba
081104;Cusco;Paucartambo;Colquepata
081105;Cusco;Paucartambo;Huancarani
081106;Cusco;Paucartambo;Kosñipata
081201;Cusco;Quispicanchi;Urcos
081202;Cusco;Quispicanchi;Andahuaylillas
081203;Cusco;Quispicanchi;Camanti
081204;Cusco;Quispicanchi;Ccarhuayo
081205;Cusco;Quispicanchi;Ccatca
081206;Cusco;Quispicanchi;Cusipata
081207;Cusco;Quispicanchi;Huaro
081208;Cusco;Quispicanchi;Lucre
081209;Cusco;Quispicanchi;Marcapata
081210;Cusco;Quispicanchi;Ocongate
081211;Cusco;Quispicanchi;Oropesa
081212;Cusco;Quispicanchi;Quiquijana
081301;Cusco;Urubamba;Urubamba
081302;Cusco;Urubamba;Chinchero
081303;Cusco;Urubamba;Huayllabamba
081304;Cusco;Urubamba;Machupicchu
081305;Cusco;Urubamba;Maras
081306;Cusco;Urubamba;Ollantaytambo
081307;Cusco;Urubamba;Yucay
090101;Huancavelica;Huancavelica;Huancavelica
090102;Huancavelica;Huancavelica;Acobambilla
090103;Huancavelica;Huancavelica;Acoria
090104;Huancavelica;Huancavelica;Conayca
090105;Huancavelica;Huancavelica;Cuenca
090106;Huancavelica;Huancavelica;Huachocolpa
090107;Huancavelica;Huancavelica;Huayllahuara
090108;Huancavelica;Huancavelica;Izcuchaca
090109;Huancavelica;Huancavelica;Laria
090110;Huancavelica;Huancavelica;Manta
090111;Huancavelica;Huancavelica;Mariscal Caceres
090112;Huancavelica;Huancavelica;Moya
090113;Huancavelica;Huancavelica;Nuevo Occoro
090114;Huancavelica;Huancavelica;Palca
090115;Huancavelica;Huancavelica;Pilchaca
090116;Huancavelica;Huancavelica;Vilca
090117;Huancavelica;Huancavelica;Yauli
090118;Huancavelica;Huancavelica;Ascension
090119;Huancavelica;Huancavelica;Huando
090201;Huancavelica;Acobamba;Acobamba
090202;Huancavelica;Acobamba;Andabamba
090203;Huancavelica;Acobamba;Anta
090204;Huancavelica;Acobamba;Caja
090205;Huancavelica;Acobamba;Marcas
090206;Huancavelica;Acobamba;Paucara
090207;Huancavelica;Acobamba;Pomacocha
090208;Huancavelica;Acobamba;Rosario
090301;Huancavelica;Angaraes;Lircay
090302;Huancavelica;Angaraes;Anchonga
090303;Huancavelica;Angaraes;Callanmarca
090304;Huancavelica;Angaraes;Ccochaccasa
090305;Huancavelica;Angaraes;Chincho
090306;Huancavelica;Angaraes;Congalla
090307;Huancavelica;Angaraes;Huanca-Huanca
090308;Huancavelica;Angaraes;Huayllay Grande
090309;Huancavelica;Angaraes;Julcamarca
090310;Huancavelica;Angaraes;San Antonio de Antaparco
090311;Huancavelica;Angaraes;Santo Tomas de Pata
090312;Huancavelica;Angaraes;Secclla
090401;Huancavelica;Castrovirreyna;Castrovirreyna
090402;Huancavelica;Castrovirreyna;Arma
090403;Huancavelica;Castrovirreyna;Aurahua
090404;Huancavelica;Castrovirreyna;Capillas
090405;Huancavelica;Castrovirreyna;Chupamarca
090406;Huancavelica;Castrovirreyna;Cocas
090407;Huancavelica;Castrovirreyna;Huachos
090408;Huancavelica;Castrovirreyna;Huamatambo
090409;Huancavelica;Castrovirreyna;Mollepampa
090410;Huancavelica;Castrovirreyna;San Juan
090411;Huancavelica;Castrovirreyna;Santa Ana
090412;Huancavelica;Castrovirreyna;Tantara
090413;Huancavelica;Castrovirreyna;Ticrapo
090501;Huancavelica;Churcampa;Churcampa
090502;Huancavelica;Churcampa;Anco
090503;Huancavelica;Churcampa;Chinchihuasi
090504;Huancavelica;Churcampa;El Carmen
090505;Huancavelica;Churcampa;La Merced
090506;Huancavelica;Churcampa;Locroja
090507;Huancavelica;Churcampa;Paucarbamba
090508;Huancavelica;Churcampa;San Miguel de Mayocc
090509;Huancavelica;Churcampa;San Pedro de Coris
090510;Huancavelica;Churcampa;Pachamarca
090511;Huancavelica;Churcampa;Cosme
090601;Huancavelica;Huaytara;Huaytara
090602;Huancavelica;Huaytara;Ayavi
090603;Huancavelica;Huaytara;Cordova
090604;Huancavelica;Huaytara;Huayacundo Arma
090605;Huancavelica;Huaytara;Laramarca
090606;Huancavelica;Huaytara;Ocoyo
090607;Huancavelica;Huaytara;Pilpichaca
090608;Huancavelica;Huaytara;Querco
090609;Huancavelica;Huaytara;Quito-Arma
090610;Huancavelica;Huaytara;San Antonio de Cusicancha
090611;Huancavelica;Huaytara;San Francisco de Sangayaico
090612;Huancavelica;Huaytara;San Isidro
090613;Huancavelica;Huaytara;Santiago de Chocorvos
090614;Huancavelica;Huaytara;Santiago de Quirahuara
090615;Huancavelica;Huaytara;Santo Domingo de Capillas
090616;Huancavelica;Huaytara;Tambo
090701;Huancavelica;Tayacaja;Pampas
090702;Huancavelica;Tayacaja;Acostambo
090703;Huancavelica;Tayacaja;Acraquia
090704;Huancavelica;Tayacaja;Ahuaycha
090705;Huancavelica;Tayacaja;Colcabamba
090706;Huancavelica;Tayacaja;Daniel Hernandez
090707;Huancavelica;Tayacaja;Huachocolpa
090709;Huancavelica;Tayacaja;Huaribamba
090710;Huancavelica;Tayacaja;Ñahuimpuquio
090711;Huancavelica;Tayacaja;Pazos
090713;Huancavelica;Tayacaja;Quishuar
090714;Huancavelica;Tayacaja;Salcabamba
090715;Huancavelica;Tayacaja;Salcahuasi
090716;Huancavelica;Tayacaja;San Marcos de Rocchac
090717;Huancavelica;Tayacaja;Surcubamba
090718;Huancavelica;Tayacaja;Tintay Puncu
090719;Huancavelica;Tayacaja;Quichuas
090720;Huancavelica;Tayacaja;Andaymarca
090721;Huancavelica;Tayacaja;Roble
090722;Huancavelica;Tayacaja;Pichos
090723;Huancavelica;Tayacaja;Santiago de Túcuma
100101;Huanuco;Huanuco;Huanuco
100102;Huanuco;Huanuco;Amarilis
100103;Huanuco;Huanuco;Chinchao
100104;Huanuco;Huanuco;Churubamba
100105;Huanuco;Huanuco;Margos
100106;Huanuco;Huanuco;Quisqui
100107;Huanuco;Huanuco;San Francisco de Cayran
100108;Huanuco;Huanuco;San Pedro de Chaulan
100109;Huanuco;Huanuco;Santa Maria del Valle
100110;Huanuco;Huanuco;Yarumayo
100111;Huanuco;Huanuco;Pillco Marca
100112;Huanuco;Huanuco;Yacus
100113;Huanuco;Huanuco;San Pablo de Pillao
100201;Huanuco;Ambo;Ambo
100202;Huanuco;Ambo;Cayna
100203;Huanuco;Ambo;Colpas
100204;Huanuco;Ambo;Conchamarca
100205;Huanuco;Ambo;Huacar
100206;Huanuco;Ambo;San Francisco
100207;Huanuco;Ambo;San Rafael
100208;Huanuco;Ambo;Tomay Kichwa
100301;Huanuco;Dos de Mayo;La Union
100307;Huanuco;Dos de Mayo;Chuquis
100311;Huanuco;Dos de Mayo;Marias
100313;Huanuco;Dos de Mayo;Pachas
100316;Huanuco;Dos de Mayo;Quivilla
100317;Huanuco;Dos de Mayo;Ripan
100321;Huanuco;Dos de Mayo;Shunqui
100322;Huanuco;Dos de Mayo;Sillapata
100323;Huanuco;Dos de Mayo;Yanas
100401;Huanuco;Huacaybamba;Huacaybamba
100402;Huanuco;Huacaybamba;Canchabamba
100403;Huanuco;Huacaybamba;Cochabamba
100404;Huanuco;Huacaybamba;Pinra
100501;Huanuco;Huamalies;Llata
100502;Huanuco;Huamalies;Arancay
100503;Huanuco;Huamalies;Chavin de Pariarca
100504;Huanuco;Huamalies;Jacas Grande
100505;Huanuco;Huamalies;Jircan
100506;Huanuco;Huamalies;Miraflores
100507;Huanuco;Huamalies;Monzon
100508;Huanuco;Huamalies;Punchao
100509;Huanuco;Huamalies;Puños
100510;Huanuco;Huamalies;Singa
100511;Huanuco;Huamalies;Tantamayo
100601;Huanuco;Leoncio Prado;Rupa-Rupa
100602;Huanuco;Leoncio Prado;Daniel Alomias Robles
100603;Huanuco;Leoncio Prado;Hermilio Valdizan
100604;Huanuco;Leoncio Prado;Jose Crespo y Castillo
100605;Huanuco;Leoncio Prado;Luyando
100606;Huanuco;Leoncio Prado;Mariano Damaso Beraun
100607;Huanuco;Leoncio Prado;Pucayacu
100608;Huanuco;Leoncio Prado;Castillo Grande
100609;Huanuco;Leoncio Prado;Pueblo Nuevo
100610;Huanuco;Leoncio Prado;Santo Domingo de Anda
100701;Huanuco;Marañon;Huacrachuco
100702;Huanuco;Marañon;Cholon
100703;Huanuco;Marañon;San Buenaventura
100704;Huanuco;Marañon;La Morada
100705;Huanuco;Marañon;Santa Rosa de Alto Yanajanca
100801;Huanuco;Pachitea;Panao
100802;Huanuco;Pachitea;Chaglla
100803;Huanuco;Pachitea;Molino
100804;Huanuco;Pachitea;Umari
100901;Huanuco;Puerto Inca;Puerto Inca
100902;Huanuco;Puerto Inca;Codo del Pozuzo
100903;Huanuco;Puerto Inca;Honoria
100904;Huanuco;Puerto Inca;Tournavista
100905;Huanuco;Puerto Inca;Yuyapichis
101001;Huanuco;Lauricocha;Jesus
101002;Huanuco;Lauricocha;Baños
101003;Huanuco;Lauricocha;Jivia
101004;Huanuco;Lauricocha;Queropalca
101005;Huanuco;Lauricocha;Rondos
101006;Huanuco;Lauricocha;San Francisco de Asis
101007;Huanuco;Lauricocha;San Miguel de Cauri
101101;Huanuco;Yarowilca;Chavinillo
101102;Huanuco;Yarowilca;Cahuac
101103;Huanuco;Yarowilca;Chacabamba
101104;Huanuco;Yarowilca;Aparicio Pomares
101105;Huanuco;Yarowilca;Jacas Chico
101106;Huanuco;Yarowilca;Obas
101107;Huanuco;Yarowilca;Pampamarca
101108;Huanuco;Yarowilca;Choras
110101;Ica;Ica;Ica
110102;Ica;Ica;La Tinguiña
110103;Ica;Ica;Los Aquijes
110104;Ica;Ica;Ocucaje
110105;Ica;Ica;Pachacutec
110106;Ica;Ica;Parcona
110107;Ica;Ica;Pueblo Nuevo
110108;Ica;Ica;Salas
110109;Ica;Ica;San Jose de los Molinos
110110;Ica;Ica;San Juan Bautista
110111;Ica;Ica;Santiago
110112;Ica;Ica;Subtanjalla
110113;Ica;Ica;Tate
110114;Ica;Ica;Yauca del Rosario
110201;Ica;Chincha;Chincha Alta
110202;Ica;Chincha;Alto Laran
110203;Ica;Chincha;Chavin
110204;Ica;Chincha;Chincha Baja
110205;Ica;Chincha;El Carmen
110206;Ica;Chincha;Grocio Prado
110207;Ica;Chincha;Pueblo Nuevo
110208;Ica;Chincha;San Juan de Yanac
110209;Ica;Chincha;San Pedro de Huacarpana
110210;Ica;Chincha;Sunampe
110211;Ica;Chincha;Tambo de Mora
110301;Ica;Nazca;Nazca
110302;Ica;Nazca;Changuillo
110303;Ica;Nazca;El Ingenio
110304;Ica;Nazca;Marcona
110305;Ica;Nazca;Vista Alegre
110401;Ica;Palpa;Palpa
110402;Ica;Palpa;Llipata
110403;Ica;Palpa;Rio Grande
110404;Ica;Palpa;Santa Cruz
110405;Ica;Palpa;Tibillo
110501;Ica;Pisco;Pisco
110502;Ica;Pisco;Huancano
110503;Ica;Pisco;Humay
110504;Ica;Pisco;Independencia
110505;Ica;Pisco;Paracas
110506;Ica;Pisco;San Andres
110507;Ica;Pisco;San Clemente
110508;Ica;Pisco;Tupac Amaru Inca
120101;Junin;Huancayo;Huancayo
120104;Junin;Huancayo;Carhuacallanga
120105;Junin;Huancayo;Chacapampa
120106;Junin;Huancayo;Chicche
120107;Junin;Huancayo;Chilca
120108;Junin;Huancayo;Chongos Alto
120111;Junin;Huancayo;Chupuro
120112;Junin;Huancayo;Colca
120113;Junin;Huancayo;Cullhuas
120114;Junin;Huancayo;El Tambo
120116;Junin;Huancayo;Huacrapuquio
120117;Junin;Huancayo;Hualhuas
120119;Junin;Huancayo;Huancan
120120;Junin;Huancayo;Huasicancha
120121;Junin;Huancayo;Huayucachi
120122;Junin;Huancayo;Ingenio
120124;Junin;Huancayo;Pariahuanca
120125;Junin;Huancayo;Pilcomayo
120126;Junin;Huancayo;Pucara
120127;Junin;Huancayo;Quichuay
120128;Junin;Huancayo;Quilcas
120129;Junin;Huancayo;San Agustin
120130;Junin;Huancayo;San Jeronimo de Tunan
120132;Junin;Huancayo;Saño
120133;Junin;Huancayo;Sapallanga
120134;Junin;Huancayo;Sicaya
120135;Junin;Huancayo;Santo Domingo de Acobamba
120136;Junin;Huancayo;Viques
120201;Junin;Concepcion;Concepcion
120202;Junin;Concepcion;Aco
120203;Junin;Concepcion;Andamarca
120204;Junin;Concepcion;Chambara
120205;Junin;Concepcion;Cochas
120206;Junin;Concepcion;Comas
120207;Junin;Concepcion;Heroinas Toledo
120208;Junin;Concepcion;Manzanares
120209;Junin;Concepcion;Mariscal Castilla
120210;Junin;Concepcion;Matahuasi
120211;Junin;Concepcion;Mito
120212;Junin;Concepcion;Nueve de Julio
120213;Junin;Concepcion;Orcotuna
120214;Junin;Concepcion;San Jose de Quero
120215;Junin;Concepcion;Santa Rosa de Ocopa
120301;Junin;Chanchamayo;Chanchamayo
120302;Junin;Chanchamayo;Perene
120303;Junin;Chanchamayo;Pichanaqui
120304;Junin;Chanchamayo;San Luis de Shuaro
120305;Junin;Chanchamayo;San Ramon
120306;Junin;Chanchamayo;Vitoc
120401;Junin;Jauja;Jauja
120402;Junin;Jauja;Acolla
120403;Junin;Jauja;Apata
120404;Junin;Jauja;Ataura
120405;Junin;Jauja;Canchayllo
120406;Junin;Jauja;Curicaca
120407;Junin;Jauja;El Mantaro
120408;Junin;Jauja;Huamali
120409;Junin;Jauja;Huaripampa
120410;Junin;Jauja;Huertas
120411;Junin;Jauja;Janjaillo
120412;Junin;Jauja;Julcan
120413;Junin;Jauja;Leonor Ordoñez
120414;Junin;Jauja;Llocllapampa
120415;Junin;Jauja;Marco
120416;Junin;Jauja;Masma
120417;Junin;Jauja;Masma Chicche
120418;Junin;Jauja;Molinos
120419;Junin;Jauja;Monobamba
120420;Junin;Jauja;Muqui
120421;Junin;Jauja;Muquiyauyo
120422;Junin;Jauja;Paca
120423;Junin;Jauja;Paccha
120424;Junin;Jauja;Pancan
120425;Junin;Jauja;Parco
120426;Junin;Jauja;Pomacancha
120427;Junin;Jauja;Ricran
120428;Junin;Jauja;San Lorenzo
120429;Junin;Jauja;San Pedro de Chunan
120430;Junin;Jauja;Sausa
120431;Junin;Jauja;Sincos
120432;Junin;Jauja;Tunan Marca
120433;Junin;Jauja;Yauli
120434;Junin;Jauja;Yauyos
120501;Junin;Junin;Junin
120502;Junin;Junin;Carhuamayo
120503;Junin;Junin;Ondores
120504;Junin;Junin;Ulcumayo
120601;Junin;Satipo;Satipo
120602;Junin;Satipo;Coviriali
120603;Junin;Satipo;Llaylla
120604;Junin;Satipo;Mazamari
120605;Junin;Satipo;Pampa Hermosa
120606;Junin;Satipo;Pangoa
120607;Junin;Satipo;Rio Negro
120608;Junin;Satipo;Rio Tambo
120609;Junin;Satipo;Vizcatán del Ene
120701;Junin;Tarma;Tarma
120702;Junin;Tarma;Acobamba
120703;Junin;Tarma;Huaricolca
120704;Junin;Tarma;Huasahuasi
120705;Junin;Tarma;La Union
120706;Junin;Tarma;Palca
120707;Junin;Tarma;Palcamayo
120708;Junin;Tarma;San Pedro de Cajas
120709;Junin;Tarma;Tapo
120801;Junin;Yauli;La Oroya
120802;Junin;Yauli;Chacapalpa
120803;Junin;Yauli;Huay-Huay
120804;Junin;Yauli;Marcapomacocha
120805;Junin;Yauli;Morococha
120806;Junin;Yauli;Paccha
120807;Junin;Yauli;Santa Barbara de Carhuacayan
120808;Junin;Yauli;Santa Rosa de Sacco
120809;Junin;Yauli;Suitucancha
120810;Junin;Yauli;Yauli
120901;Junin;Chupaca;Chupaca
120902;Junin;Chupaca;Ahuac
120903;Junin;Chupaca;Chongos Bajo
120904;Junin;Chupaca;Huachac
120905;Junin;Chupaca;Huamancaca Chico
120906;Junin;Chupaca;San Juan de Yscos
120907;Junin;Chupaca;San Juan de Jarpa
120908;Junin;Chupaca;Tres de Diciembre
120909;Junin;Chupaca;Yanacancha
130101;La Libertad;Trujillo;Trujillo
130102;La Libertad;Trujillo;El Porvenir
130103;La Libertad;Trujillo;Florencia de Mora
130104;La Libertad;Trujillo;Huanchaco
130105;La Libertad;Trujillo;La Esperanza
130106;La Libertad;Trujillo;Laredo
130107;La Libertad;Trujillo;Moche
130108;La Libertad;Trujillo;Poroto
130109;La Libertad;Trujillo;Salaverry
130110;La Libertad;Trujillo;Simbal
130111;La Libertad;Trujillo;Victor Larco Herrera
130201;La Libertad;Ascope;Ascope
130202;La Libertad;Ascope;Chicama
130203;La Libertad;Ascope;Chocope
130204;La Libertad;Ascope;Magdalena de Cao
130205;La Libertad;Ascope;Paijan
130206;La Libertad;Ascope;Razuri
130207;La Libertad;Ascope;Santiago de Cao
130208;La Libertad;Ascope;Casa Grande
130301;La Libertad;Bolivar;Bolivar
130302;La Libertad;Bolivar;Bambamarca
130303;La Libertad;Bolivar;Condormarca
130304;La Libertad;Bolivar;Longotea
130305;La Libertad;Bolivar;Uchumarca
130306;La Libertad;Bolivar;Ucuncha
130401;La Libertad;Chepen;Chepen
130402;La Libertad;Chepen;Pacanga
130403;La Libertad;Chepen;Pueblo Nuevo
130501;La Libertad;Julcan;Julcan
130502;La Libertad;Julcan;Calamarca
130503;La Libertad;Julcan;Carabamba
130504;La Libertad;Julcan;Huaso
130601;La Libertad;Otuzco;Otuzco
130602;La Libertad;Otuzco;Agallpampa
130604;La Libertad;Otuzco;Charat
130605;La Libertad;Otuzco;Huaranchal
130606;La Libertad;Otuzco;La Cuesta
130608;La Libertad;Otuzco;Mache
130610;La Libertad;Otuzco;Paranday
130611;La Libertad;Otuzco;Salpo
130613;La Libertad;Otuzco;Sinsicap
130614;La Libertad;Otuzco;Usquil
130701;La Libertad;Pacasmayo;San Pedro de Lloc
130702;La Libertad;Pacasmayo;Guadalupe
130703;La Libertad;Pacasmayo;Jequetepeque
130704;La Libertad;Pacasmayo;Pacasmayo
130705;La Libertad;Pacasmayo;San Jose
130801;La Libertad;Pataz;Tayabamba
130802;La Libertad;Pataz;Buldibuyo
130803;La Libertad;Pataz;Chillia
130804;La Libertad;Pataz;Huancaspata
130805;La Libertad;Pataz;Huaylillas
130806;La Libertad;Pataz;Huayo
130807;La Libertad;Pataz;Ongon
130808;La Libertad;Pataz;Parcoy
130809;La Libertad;Pataz;Pataz
130810;La Libertad;Pataz;Pias
130811;La Libertad;Pataz;Santiago de Challas
130812;La Libertad;Pataz;Taurija
130813;La Libertad;Pataz;Urpay
130901;La Libertad;Sanchez Carrion;Huamachuco
130902;La Libertad;Sanchez Carrion;Chugay
130903;La Libertad;Sanchez Carrion;Cochorco
130904;La Libertad;Sanchez Carrion;Curgos
130905;La Libertad;Sanchez Carrion;Marcabal
130906;La Libertad;Sanchez Carrion;Sanagoran
130907;La Libertad;Sanchez Carrion;Sarin
130908;La Libertad;Sanchez Carrion;Sartimbamba
131001;La Libertad;Santiago de Chuco;Santiago de Chuco
131002;La Libertad;Santiago de Chuco;Angasmarca
131003;La Libertad;Santiago de Chuco;Cachicadan
131004;La Libertad;Santiago de Chuco;Mollebamba
131005;La Libertad;Santiago de Chuco;Mollepata
131006;La Libertad;Santiago de Chuco;Quiruvilca
131007;La Libertad;Santiago de Chuco;Santa Cruz de Chuca
131008;La Libertad;Santiago de Chuco;Sitabamba
131101;La Libertad;Gran Chimu;Cascas
131102;La Libertad;Gran Chimu;Lucma
131103;La Libertad;Gran Chimu;Compin
131104;La Libertad;Gran Chimu;Sayapullo
131201;La Libertad;Viru;Viru
131202;La Libertad;Viru;Chao
131203;La Libertad;Viru;Guadalupito
140101;Lambayeque;Chiclayo;Chiclayo
140102;Lambayeque;Chiclayo;Chongoyape
140103;Lambayeque;Chiclayo;Eten
140104;Lambayeque;Chiclayo;Eten Puerto
140105;Lambayeque;Chiclayo;Jose Leonardo Ortiz
140106;Lambayeque;Chiclayo;La Victoria
140107;Lambayeque;Chiclayo;Lagunas
140108;Lambayeque;Chiclayo;Monsefu
140109;Lambayeque;Chiclayo;Nueva Arica
140110;Lambayeque;Chiclayo;Oyotun
140111;Lambayeque;Chiclayo;Picsi
140112;Lambayeque;Chiclayo;Pimentel
140113;Lambayeque;Chiclayo;Reque
140114;Lambayeque;Chiclayo;Santa Rosa
140115;Lambayeque;Chiclayo;Saña
140116;Lambayeque;Chiclayo;Cayalti
140117;Lambayeque;Chiclayo;Patapo
140118;Lambayeque;Chiclayo;Pomalca
140119;Lambayeque;Chiclayo;Pucala
140120;Lambayeque;Chiclayo;Tuman
140201;Lambayeque;Ferreñafe;Ferreñafe
140202;Lambayeque;Ferreñafe;Cañaris
140203;Lambayeque;Ferreñafe;Incahuasi
140204;Lambayeque;Ferreñafe;Manuel Antonio Mesones Muro
140205;Lambayeque;Ferreñafe;Pitipo
140206;Lambayeque;Ferreñafe;Pueblo Nuevo
140301;Lambayeque;Lambayeque;Lambayeque
140302;Lambayeque;Lambayeque;Chochope
140303;Lambayeque;Lambayeque;Illimo
140304;Lambayeque;Lambayeque;Jayanca
140305;Lambayeque;Lambayeque;Mochumi
140306;Lambayeque;Lambayeque;Morrope
140307;Lambayeque;Lambayeque;Motupe
140308;Lambayeque;Lambayeque;Olmos
140309;Lambayeque;Lambayeque;Pacora
140310;Lambayeque;Lambayeque;Salas
140311;Lambayeque;Lambayeque;San Jose
140312;Lambayeque;Lambayeque;Tucume
150101;Lima;Lima;Lima
150102;Lima;Lima;Ancon
150103;Lima;Lima;Ate
150104;Lima;Lima;Barranco
150105;Lima;Lima;Breña
150106;Lima;Lima;Carabayllo
150107;Lima;Lima;Chaclacayo
150108;Lima;Lima;Chorrillos
150109;Lima;Lima;Cieneguilla
150110;Lima;Lima;Comas
150111;Lima;Lima;El Agustino
150112;Lima;Lima;Independencia
150113;Lima;Lima;Jesus Maria
150114;Lima;Lima;La Molina
150115;Lima;Lima;La Victoria
150116;Lima;Lima;Lince
150117;Lima;Lima;Los Olivos
150118;Lima;Lima;Lurigancho
150119;Lima;Lima;Lurin
150120;Lima;Lima;Magdalena del Mar
150121;Lima;Lima;Pueblo Libre
150122;Lima;Lima;Miraflores
150123;Lima;Lima;Pachacamac
150124;Lima;Lima;Pucusana
150125;Lima;Lima;Puente Piedra
150126;Lima;Lima;Punta Hermosa
150127;Lima;Lima;Punta Negra
150128;Lima;Lima;Rimac
150129;Lima;Lima;San Bartolo
150130;Lima;Lima;San Borja
150131;Lima;Lima;San Isidro
150132;Lima;Lima;San Juan de Lurigancho
150133;Lima;Lima;San Juan de Miraflores
150134;Lima;Lima;San Luis
150135;Lima;Lima;San Martin de Porres
150136;Lima;Lima;San Miguel
150137;Lima;Lima;Santa Anita
150138;Lima;Lima;Santa Maria del Mar
150139;Lima;Lima;Santa Rosa
150140;Lima;Lima;Santiago de Surco
150141;Lima;Lima;Surquillo
150142;Lima;Lima;Villa El Salvador
150143;Lima;Lima;Villa Maria del Triunfo
150201;Lima;Barranca;Barranca
150202;Lima;Barranca;Paramonga
150203;Lima;Barranca;Pativilca
150204;Lima;Barranca;Supe
150205;Lima;Barranca;Supe Puerto
150301;Lima;Cajatambo;Cajatambo
150302;Lima;Cajatambo;Copa
150303;Lima;Cajatambo;Gorgor
150304;Lima;Cajatambo;Huancapon
150305;Lima;Cajatambo;Manas
150401;Lima;Canta;Canta
150402;Lima;Canta;Arahuay
150403;Lima;Canta;Huamantanga
150404;Lima;Canta;Huaros
150405;Lima;Canta;Lachaqui
150406;Lima;Canta;San Buenaventura
150407;Lima;Canta;Santa Rosa de Quives
150501;Lima;Cañete;San Vicente de Cañete
150502;Lima;Cañete;Asia
150503;Lima;Cañete;Calango
150504;Lima;Cañete;Cerro Azul
150505;Lima;Cañete;Chilca
150506;Lima;Cañete;Coayllo
150507;Lima;Cañete;Imperial
150508;Lima;Cañete;Lunahuana
150509;Lima;Cañete;Mala
150510;Lima;Cañete;Nuevo Imperial
150511;Lima;Cañete;Pacaran
150512;Lima;Cañete;Quilmana
150513;Lima;Cañete;San Antonio
150514;Lima;Cañete;San Luis
150515;Lima;Cañete;Santa Cruz de Flores
150516;Lima;Cañete;Zuñiga
150601;Lima;Huaral;Huaral
150602;Lima;Huaral;Atavillos Alto
150603;Lima;Huaral;Atavillos Bajo
150604;Lima;Huaral;Aucallama
150605;Lima;Huaral;Chancay
150606;Lima;Huaral;Ihuari
150607;Lima;Huaral;Lampian
150608;Lima;Huaral;Pacaraos
150609;Lima;Huaral;San Miguel de Acos
150610;Lima;Huaral;Santa Cruz de Andamarca
150611;Lima;Huaral;Sumbilca
150612;Lima;Huaral;Veintisiete de Noviembre
150701;Lima;Huarochiri;Matucana
150702;Lima;Huarochiri;Antioquia
150703;Lima;Huarochiri;Callahuanca
150704;Lima;Huarochiri;Carampoma
150705;Lima;Huarochiri;Chicla
150706;Lima;Huarochiri;Cuenca
150707;Lima;Huarochiri;Huachupampa
150708;Lima;Huarochiri;Huanza
150709;Lima;Huarochiri;Huarochiri
150710;Lima;Huarochiri;Lahuaytambo
150711;Lima;Huarochiri;Langa
150712;Lima;Huarochiri;Laraos
150713;Lima;Huarochiri;Mariatana
150714;Lima;Huarochiri;Ricardo Palma
150715;Lima;Huarochiri;San Andres de Tupicocha
150716;Lima;Huarochiri;San Antonio
150717;Lima;Huarochiri;San Bartolome
150718;Lima;Huarochiri;San Damian
150719;Lima;Huarochiri;San Juan de Iris
150720;Lima;Huarochiri;San Juan de Tantaranche
150721;Lima;Huarochiri;San Lorenzo de Quinti
150722;Lima;Huarochiri;San Mateo
150723;Lima;Huarochiri;San Mateo de Otao
150724;Lima;Huarochiri;San Pedro de Casta
150725;Lima;Huarochiri;San Pedro de Huancayre
150726;Lima;Huarochiri;Sangallaya
150727;Lima;Huarochiri;Santa Cruz de Cocachacra
150728;Lima;Huarochiri;Santa Eulalia
150729;Lima;Huarochiri;Santiago de Anchucaya
150730;Lima;Huarochiri;Santiago de Tuna
150731;Lima;Huarochiri;Santo Domingo de los Olleros
150732;Lima;Huarochiri;Surco
150801;Lima;Huaura;Huacho
150802;Lima;Huaura;Ambar
150803;Lima;Huaura;Caleta de Carquin
150804;Lima;Huaura;Checras
150805;Lima;Huaura;Hualmay
150806;Lima;Huaura;Huaura
150807;Lima;Huaura;Leoncio Prado
150808;Lima;Huaura;Paccho
150809;Lima;Huaura;Santa Leonor
150810;Lima;Huaura;Santa Maria
150811;Lima;Huaura;Sayan
150812;Lima;Huaura;Vegueta
150901;Lima;Oyon;Oyon
150902;Lima;Oyon;Andajes
150903;Lima;Oyon;Caujul
150904;Lima;Oyon;Cochamarca
150905;Lima;Oyon;Navan
150906;Lima;Oyon;Pachangara
151001;Lima;Yauyos;Yauyos
151002;Lima;Yauyos;Alis
151003;Lima;Yauyos;Ayauca
151004;Lima;Yauyos;Ayaviri
151005;Lima;Yauyos;Azangaro
151006;Lima;Yauyos;Cacra
151007;Lima;Yauyos;Carania
151008;Lima;Yauyos;Catahuasi
151009;Lima;Yauyos;Chocos
151010;Lima;Yauyos;Cochas
151011;Lima;Yauyos;Colonia
151012;Lima;Yauyos;Hongos
151013;Lima;Yauyos;Huampara
151014;Lima;Yauyos;Huancaya
151015;Lima;Yauyos;Huangascar
151016;Lima;Yauyos;Huantan
151017;Lima;Yauyos;Huañec
151018;Lima;Yauyos;Laraos
151019;Lima;Yauyos;Lincha
151020;Lima;Yauyos;Madean
151021;Lima;Yauyos;Miraflores
151022;Lima;Yauyos;Omas
151023;Lima;Yauyos;Putinza
151024;Lima;Yauyos;Quinches
151025;Lima;Yauyos;Quinocay
151026;Lima;Yauyos;San Joaquin
151027;Lima;Yauyos;San Pedro de Pilas
151028;Lima;Yauyos;Tanta
151029;Lima;Yauyos;Tauripampa
151030;Lima;Yauyos;Tomas
151031;Lima;Yauyos;Tupe
151032;Lima;Yauyos;Viñac
151033;Lima;Yauyos;Vitis
160101;Loreto;Maynas;Iquitos
160102;Loreto;Maynas;Alto Nanay
160103;Loreto;Maynas;Fernando Lores
160104;Loreto;Maynas;Indiana
160105;Loreto;Maynas;Las Amazonas
160106;Loreto;Maynas;Mazan
160107;Loreto;Maynas;Napo
160108;Loreto;Maynas;Punchana
160110;Loreto;Maynas;Torres Causana
160112;Loreto;Maynas;Belen
160113;Loreto;Maynas;San Juan Bautista
160201;Loreto;Alto Amazonas;Yurimaguas
160202;Loreto;Alto Amazonas;Balsapuerto
160205;Loreto;Alto Amazonas;Jeberos
160206;Loreto;Alto Amazonas;Lagunas
160210;Loreto;Alto Amazonas;Santa Cruz
160211;Loreto;Alto Amazonas;Teniente Cesar Lopez Rojas
160301;Loreto;Loreto;Nauta
160302;Loreto;Loreto;Parinari
160303;Loreto;Loreto;Tigre
160304;Loreto;Loreto;Trompeteros
160305;Loreto;Loreto;Urarinas
160401;Loreto;Mariscal Ramon Castilla;Ramon Castilla
160402;Loreto;Mariscal Ramon Castilla;Pebas
160403;Loreto;Mariscal Ramon Castilla;Yavari
160404;Loreto;Mariscal Ramon Castilla;San Pablo
160501;Loreto;Requena;Requena
160502;Loreto;Requena;Alto Tapiche
160503;Loreto;Requena;Capelo
160504;Loreto;Requena;Emilio San Martin
160505;Loreto;Requena;Maquia
160506;Loreto;Requena;Puinahua
160507;Loreto;Requena;Saquena
160508;Loreto;Requena;Soplin
160509;Loreto;Requena;Tapiche
160510;Loreto;Requena;Jenaro Herrera
160511;Loreto;Requena;Yaquerana
160601;Loreto;Ucayali;Contamana
160602;Loreto;Ucayali;Inahuaya
160603;Loreto;Ucayali;Padre Marquez
160604;Loreto;Ucayali;Pampa Hermosa
160605;Loreto;Ucayali;Sarayacu
160606;Loreto;Ucayali;Vargas Guerra
160701;Loreto;Datem del Marañon;Barranca
160702;Loreto;Datem del Marañon;Cahuapanas
160703;Loreto;Datem del Marañon;Manseriche
160704;Loreto;Datem del Marañon;Morona
160705;Loreto;Datem del Marañon;Pastaza
160706;Loreto;Datem del Marañon;Andoas
160801;Loreto;Maynas;Putumayo
160802;Loreto;Maynas;Rosa Panduro
160803;Loreto;Maynas;Teniente Manuel Clavero
160804;Loreto;Maynas;Yaguas
170101;Madre de Dios;Tambopata;Tambopata
170102;Madre de Dios;Tambopata;Inambari
170103;Madre de Dios;Tambopata;Las Piedras
170104;Madre de Dios;Tambopata;Laberinto
170201;Madre de Dios;Manu;Manu
170202;Madre de Dios;Manu;Fitzcarrald
170203;Madre de Dios;Manu;Madre de Dios
170204;Madre de Dios;Manu;Huepetuhe
170301;Madre de Dios;Tahuamanu;Iñapari
170302;Madre de Dios;Tahuamanu;Iberia
170303;Madre de Dios;Tahuamanu;Tahuamanu
180101;Moquegua;Mariscal Nieto;Moquegua
180102;Moquegua;Mariscal Nieto;Carumas
180103;Moquegua;Mariscal Nieto;Cuchumbaya
180104;Moquegua;Mariscal Nieto;Samegua
180105;Moquegua;Mariscal Nieto;San Cristobal
180106;Moquegua;Mariscal Nieto;Torata
180201;Moquegua;General Sanchez Cerr;Omate
180202;Moquegua;General Sanchez Cerr;Chojata
180203;Moquegua;General Sanchez Cerr;Coalaque
180204;Moquegua;General Sanchez Cerr;Ichuña
180205;Moquegua;General Sanchez Cerr;La Capilla
180206;Moquegua;General Sanchez Cerr;Lloque
180207;Moquegua;General Sanchez Cerr;Matalaque
180208;Moquegua;General Sanchez Cerr;Puquina
180209;Moquegua;General Sanchez Cerr;Quinistaquillas
180210;Moquegua;General Sanchez Cerr;Ubinas
180211;Moquegua;General Sanchez Cerr;Yunga
180301;Moquegua;Ilo;Ilo
180302;Moquegua;Ilo;El Algarrobal
180303;Moquegua;Ilo;Pacocha
190101;Pasco;Pasco;Chaupimarca
190102;Pasco;Pasco;Huachon
190103;Pasco;Pasco;Huariaca
190104;Pasco;Pasco;Huayllay
190105;Pasco;Pasco;Ninacaca
190106;Pasco;Pasco;Pallanchacra
190107;Pasco;Pasco;Paucartambo
190108;Pasco;Pasco;San Francisco de Asis de Yarusyacan
190109;Pasco;Pasco;Simon Bolivar
190110;Pasco;Pasco;Ticlacayan
190111;Pasco;Pasco;Tinyahuarco
190112;Pasco;Pasco;Vicco
190113;Pasco;Pasco;Yanacancha
190201;Pasco;Daniel Alcides Carri;Yanahuanca
190202;Pasco;Daniel Alcides Carri;Chacayan
190203;Pasco;Daniel Alcides Carri;Goyllarisquizga
190204;Pasco;Daniel Alcides Carri;Paucar
190205;Pasco;Daniel Alcides Carri;San Pedro de Pillao
190206;Pasco;Daniel Alcides Carri;Santa Ana de Tusi
190207;Pasco;Daniel Alcides Carri;Tapuc
190208;Pasco;Daniel Alcides Carri;Vilcabamba
190301;Pasco;Oxapampa;Oxapampa
190302;Pasco;Oxapampa;Chontabamba
190303;Pasco;Oxapampa;Huancabamba
190304;Pasco;Oxapampa;Palcazu
190305;Pasco;Oxapampa;Pozuzo
190306;Pasco;Oxapampa;Puerto Bermudez
190307;Pasco;Oxapampa;Villa Rica
190308;Pasco;Oxapampa;Constitución
200101;Piura;Piura;Piura
200104;Piura;Piura;Castilla
200105;Piura;Piura;Catacaos
200107;Piura;Piura;Cura Mori
200108;Piura;Piura;El Tallan
200109;Piura;Piura;La Arena
200110;Piura;Piura;La Union
200111;Piura;Piura;Las Lomas
200114;Piura;Piura;Tambo Grande
200115;Piura;Piura;26 de Octubre
200201;Piura;Ayabaca;Ayabaca
200202;Piura;Ayabaca;Frias
200203;Piura;Ayabaca;Jilili
200204;Piura;Ayabaca;Lagunas
200205;Piura;Ayabaca;Montero
200206;Piura;Ayabaca;Pacaipampa
200207;Piura;Ayabaca;Paimas
200208;Piura;Ayabaca;Sapillica
200209;Piura;Ayabaca;Sicchez
200210;Piura;Ayabaca;Suyo
200301;Piura;Huancabamba;Huancabamba
200302;Piura;Huancabamba;Canchaque
200303;Piura;Huancabamba;El Carmen de La Frontera
200304;Piura;Huancabamba;Huarmaca
200305;Piura;Huancabamba;Lalaquiz
200306;Piura;Huancabamba;San Miguel de El Faique
200307;Piura;Huancabamba;Sondor
200308;Piura;Huancabamba;Sondorillo
200401;Piura;Morropon;Chulucanas
200402;Piura;Morropon;Buenos Aires
200403;Piura;Morropon;Chalaco
200404;Piura;Morropon;La Matanza
200405;Piura;Morropon;Morropon
200406;Piura;Morropon;Salitral
200407;Piura;Morropon;San Juan de Bigote
200408;Piura;Morropon;Santa Catalina de Mossa
200409;Piura;Morropon;Santo Domingo
200410;Piura;Morropon;Yamango
200501;Piura;Paita;Paita
200502;Piura;Paita;Amotape
200503;Piura;Paita;Arenal
200504;Piura;Paita;Colan
200505;Piura;Paita;La Huaca
200506;Piura;Paita;Tamarindo
200507;Piura;Paita;Vichayal
200601;Piura;Sullana;Sullana
200602;Piura;Sullana;Bellavista
200603;Piura;Sullana;Ignacio Escudero
200604;Piura;Sullana;Lancones
200605;Piura;Sullana;Marcavelica
200606;Piura;Sullana;Miguel Checa
200607;Piura;Sullana;Querecotillo
200608;Piura;Sullana;Salitral
200701;Piura;Talara;Pariñas
200702;Piura;Talara;El Alto
200703;Piura;Talara;La Brea
200704;Piura;Talara;Lobitos
200705;Piura;Talara;Los Organos
200706;Piura;Talara;Mancora
200801;Piura;Sechura;Sechura
200802;Piura;Sechura;Bellavista de La Union
200803;Piura;Sechura;Bernal
200804;Piura;Sechura;Cristo Nos Valga
200805;Piura;Sechura;Vice
200806;Piura;Sechura;Rinconada Llicuar
210101;Puno;Puno;Puno
210102;Puno;Puno;Acora
210103;Puno;Puno;Amantani
210104;Puno;Puno;Atuncolla
210105;Puno;Puno;Capachica
210106;Puno;Puno;Chucuito
210107;Puno;Puno;Coata
210108;Puno;Puno;Huata
210109;Puno;Puno;Mañazo
210110;Puno;Puno;Paucarcolla
210111;Puno;Puno;Pichacani
210112;Puno;Puno;Plateria
210113;Puno;Puno;San Antonio
210114;Puno;Puno;Tiquillaca
210115;Puno;Puno;Vilque
210201;Puno;Azangaro;Azangaro
210202;Puno;Azangaro;Achaya
210203;Puno;Azangaro;Arapa
210204;Puno;Azangaro;Asillo
210205;Puno;Azangaro;Caminaca
210206;Puno;Azangaro;Chupa
210207;Puno;Azangaro;Jose Domingo Choquehuanca
210208;Puno;Azangaro;Muñani
210209;Puno;Azangaro;Potoni
210210;Puno;Azangaro;Saman
210211;Puno;Azangaro;San Anton
210212;Puno;Azangaro;San Jose
210213;Puno;Azangaro;San Juan de Salinas
210214;Puno;Azangaro;Santiago de Pupuja
210215;Puno;Azangaro;Tirapata
210301;Puno;Carabaya;Macusani
210302;Puno;Carabaya;Ajoyani
210303;Puno;Carabaya;Ayapata
210304;Puno;Carabaya;Coasa
210305;Puno;Carabaya;Corani
210306;Puno;Carabaya;Crucero
210307;Puno;Carabaya;Ituata
210308;Puno;Carabaya;Ollachea
210309;Puno;Carabaya;San Gaban
210310;Puno;Carabaya;Usicayos
210401;Puno;Chucuito;Juli
210402;Puno;Chucuito;Desaguadero
210403;Puno;Chucuito;Huacullani
210404;Puno;Chucuito;Kelluyo
210405;Puno;Chucuito;Pisacoma
210406;Puno;Chucuito;Pomata
210407;Puno;Chucuito;Zepita
210501;Puno;El Collao;Ilave
210502;Puno;El Collao;Capazo
210503;Puno;El Collao;Pilcuyo
210504;Puno;El Collao;Santa Rosa
210505;Puno;El Collao;Conduriri
210601;Puno;Huancane;Huancane
210602;Puno;Huancane;Cojata
210603;Puno;Huancane;Huatasani
210604;Puno;Huancane;Inchupalla
210605;Puno;Huancane;Pusi
210606;Puno;Huancane;Rosaspata
210607;Puno;Huancane;Taraco
210608;Puno;Huancane;Vilque Chico
210701;Puno;Lampa;Lampa
210702;Puno;Lampa;Cabanilla
210703;Puno;Lampa;Calapuja
210704;Puno;Lampa;Nicasio
210705;Puno;Lampa;Ocuviri
210706;Puno;Lampa;Palca
210707;Puno;Lampa;Paratia
210708;Puno;Lampa;Pucara
210709;Puno;Lampa;Santa Lucia
210710;Puno;Lampa;Vilavila
210801;Puno;Melgar;Ayaviri
210802;Puno;Melgar;Antauta
210803;Puno;Melgar;Cupi
210804;Puno;Melgar;Llalli
210805;Puno;Melgar;Macari
210806;Puno;Melgar;Nuñoa
210807;Puno;Melgar;Orurillo
210808;Puno;Melgar;Santa Rosa
210809;Puno;Melgar;Umachiri
210901;Puno;Moho;Moho
210902;Puno;Moho;Conima
210903;Puno;Moho;Huayrapata
210904;Puno;Moho;Tilali
211001;Puno;San Antonio de Putin;Putina
211002;Puno;San Antonio de Putin;Ananea
211003;Puno;San Antonio de Putin;Pedro Vilca Apaza
211004;Puno;San Antonio de Putin;Quilcapuncu
211005;Puno;San Antonio de Putin;Sina
211101;Puno;San Roman;Juliaca
211102;Puno;San Roman;Cabana
211103;Puno;San Roman;Cabanillas
211104;Puno;San Roman;Caracoto
211105;Puno;San Roman;San Miguel
211201;Puno;Sandia;Sandia
211202;Puno;Sandia;Cuyocuyo
211203;Puno;Sandia;Limbani
211204;Puno;Sandia;Patambuco
211205;Puno;Sandia;Phara
211206;Puno;Sandia;Quiaca
211207;Puno;Sandia;San Juan del Oro
211208;Puno;Sandia;Yanahuaya
211209;Puno;Sandia;Alto Inambari
211210;Puno;Sandia;San Pedro de Putina Punco
211301;Puno;Yunguyo;Yunguyo
211302;Puno;Yunguyo;Anapia
211303;Puno;Yunguyo;Copani
211304;Puno;Yunguyo;Cuturapi
211305;Puno;Yunguyo;Ollaraya
211306;Puno;Yunguyo;Tinicachi
211307;Puno;Yunguyo;Unicachi
220101;San Martin;Moyobamba;Moyobamba
220102;San Martin;Moyobamba;Calzada
220103;San Martin;Moyobamba;Habana
220104;San Martin;Moyobamba;Jepelacio
220105;San Martin;Moyobamba;Soritor
220106;San Martin;Moyobamba;Yantalo
220201;San Martin;Bellavista;Bellavista
220202;San Martin;Bellavista;Alto Biavo
220203;San Martin;Bellavista;Bajo Biavo
220204;San Martin;Bellavista;Huallaga
220205;San Martin;Bellavista;San Pablo
220206;San Martin;Bellavista;San Rafael
220301;San Martin;El Dorado;San Jose de Sisa
220302;San Martin;El Dorado;Agua Blanca
220303;San Martin;El Dorado;San Martin
220304;San Martin;El Dorado;Santa Rosa
220305;San Martin;El Dorado;Shatoja
220401;San Martin;Huallaga;Saposoa
220402;San Martin;Huallaga;Alto Saposoa
220403;San Martin;Huallaga;El Eslabon
220404;San Martin;Huallaga;Piscoyacu
220405;San Martin;Huallaga;Sacanche
220406;San Martin;Huallaga;Tingo de Saposoa
220501;San Martin;Lamas;Lamas
220502;San Martin;Lamas;Alonso de Alvarado
220503;San Martin;Lamas;Barranquita
220504;San Martin;Lamas;Caynarachi
220505;San Martin;Lamas;Cuñumbuqui
220506;San Martin;Lamas;Pinto Recodo
220507;San Martin;Lamas;Rumisapa
220508;San Martin;Lamas;San Roque de Cumbaza
220509;San Martin;Lamas;Shanao
220510;San Martin;Lamas;Tabalosos
220511;San Martin;Lamas;Zapatero
220601;San Martin;Mariscal Caceres;Juanjui
220602;San Martin;Mariscal Caceres;Campanilla
220603;San Martin;Mariscal Caceres;Huicungo
220604;San Martin;Mariscal Caceres;Pachiza
220605;San Martin;Mariscal Caceres;Pajarillo
220701;San Martin;Picota;Picota
220702;San Martin;Picota;Buenos Aires
220703;San Martin;Picota;Caspisapa
220704;San Martin;Picota;Pilluana
220705;San Martin;Picota;Pucacaca
220706;San Martin;Picota;San Cristobal
220707;San Martin;Picota;San Hilarion
220708;San Martin;Picota;Shamboyacu
220709;San Martin;Picota;Tingo de Ponasa
220710;San Martin;Picota;Tres Unidos
220801;San Martin;Rioja;Rioja
220802;San Martin;Rioja;Awajun
220803;San Martin;Rioja;Elias Soplin Vargas
220804;San Martin;Rioja;Nueva Cajamarca
220805;San Martin;Rioja;Pardo Miguel
220806;San Martin;Rioja;Posic
220807;San Martin;Rioja;San Fernando
220808;San Martin;Rioja;Yorongos
220809;San Martin;Rioja;Yuracyacu
220901;San Martin;San Martin;Tarapoto
220902;San Martin;San Martin;Alberto Leveau
220903;San Martin;San Martin;Cacatachi
220904;San Martin;San Martin;Chazuta
220905;San Martin;San Martin;Chipurana
220906;San Martin;San Martin;El Porvenir
220907;San Martin;San Martin;Huimbayoc
220908;San Martin;San Martin;Juan Guerra
220909;San Martin;San Martin;La Banda de Shilcayo
220910;San Martin;San Martin;Morales
220911;San Martin;San Martin;Papaplaya
220912;San Martin;San Martin;San Antonio
220913;San Martin;San Martin;Sauce
220914;San Martin;San Martin;Shapaja
221001;San Martin;Tocache;Tocache
221002;San Martin;Tocache;Nuevo Progreso
221003;San Martin;Tocache;Polvora
221004;San Martin;Tocache;Shunte
221005;San Martin;Tocache;Uchiza
230101;Tacna;Tacna;Tacna
230102;Tacna;Tacna;Alto de La Alianza
230103;Tacna;Tacna;Calana
230104;Tacna;Tacna;Ciudad Nueva
230105;Tacna;Tacna;Inclan
230106;Tacna;Tacna;Pachia
230107;Tacna;Tacna;Palca
230108;Tacna;Tacna;Pocollay
230109;Tacna;Tacna;Sama
230110;Tacna;Tacna;Coronel Gregorio Albarracin Lanchipa
230111;Tacna;Tacna;La Yarada-Los Palos
230201;Tacna;Candarave;Candarave
230202;Tacna;Candarave;Cairani
230203;Tacna;Candarave;Camilaca
230204;Tacna;Candarave;Curibaya
230205;Tacna;Candarave;Huanuara
230206;Tacna;Candarave;Quilahuani
230301;Tacna;Jorge Basadre;Locumba
230302;Tacna;Jorge Basadre;Ilabaya
230303;Tacna;Jorge Basadre;Ite
230401;Tacna;Tarata;Tarata
230402;Tacna;Tarata;Heroes Albarracin
230403;Tacna;Tarata;Estique
230404;Tacna;Tarata;Estique-Pampa
230405;Tacna;Tarata;Sitajara
230406;Tacna;Tarata;Susapaya
230407;Tacna;Tarata;Tarucachi
230408;Tacna;Tarata;Ticaco
240101;Tumbes;Tumbes;Tumbes
240102;Tumbes;Tumbes;Corrales
240103;Tumbes;Tumbes;La Cruz
240104;Tumbes;Tumbes;Pampas de Hospital
240105;Tumbes;Tumbes;San Jacinto
240106;Tumbes;Tumbes;San Juan de La Virgen
240201;Tumbes;Contralmirante Villa;Zorritos
240202;Tumbes;Contralmirante Villa;Casitas
240203;Tumbes;Contralmirante Villa;Canoas de Punta Sal
240301;Tumbes;Zarumilla;Zarumilla
240302;Tumbes;Zarumilla;Aguas Verdes
240303;Tumbes;Zarumilla;Matapalo
240304;Tumbes;Zarumilla;Papayal
250101;Ucayali;Coronel Portillo;Calleria
250102;Ucayali;Coronel Portillo;Campoverde
250103;Ucayali;Coronel Portillo;Iparia
250104;Ucayali;Coronel Portillo;Masisea
250105;Ucayali;Coronel Portillo;Yarinacocha
250106;Ucayali;Coronel Portillo;Nueva Requena
250107;Ucayali;Coronel Portillo;Manantay
250201;Ucayali;Atalaya;Raymondi
250202;Ucayali;Atalaya;Sepahua
250203;Ucayali;Atalaya;Tahuania
250204;Ucayali;Atalaya;Yurua
250301;Ucayali;Padre Abad;Padre Abad
250302;Ucayali;Padre Abad;Irazola
250303;Ucayali;Padre Abad;Curimana
250304;Ucayali;Padre Abad;Neshuya
250305;Ucayali;Padre Abad;Alexander von Humboldt
250401;Ucayali;Purus;Purus
